{"stats":{"minecraft:killed":{"minecraft:chicken":2},"minecraft:custom":{"minecraft:time_since_rest":12541,"minecraft:crouch_one_cm":639,"minecraft:play_time":12541,"minecraft:sprint_one_cm":19198,"minecraft:damage_taken":10,"minecraft:walk_one_cm":13179,"minecraft:sneak_time":206,"minecraft:mob_kills":2,"minecraft:jump":126,"minecraft:damage_dealt":80,"minecraft:leave_game":1,"minecraft:time_since_death":12541,"minecraft:walk_on_water_one_cm":102,"minecraft:total_world_time":12541,"minecraft:fall_one_cm":811,"minecraft:fly_one_cm":43149},"minecraft:picked_up":{"minecraft:feather":4,"minecraft:chicken":2,"spore:mutated_fiber":2,"minecraft:dirt":3,"minecraft:egg":1},"minecraft:mined":{"minecraft:grass_block":3,"minecraft:oak_leaves":1},"minecraft:used":{"minecraft:dirt":3,"modernlife:dual_monitor":1}},"DataVersion":3465}