{"stats":{"minecraft:custom":{"minecraft:time_since_rest":41015,"minecraft:sprint_one_cm":32808,"minecraft:walk_one_cm":96577,"minecraft:mob_kills":36,"minecraft:drop":1,"minecraft:damage_dealt":727,"minecraft:fly_one_cm":250064,"minecraft:open_barrel":4,"minecraft:open_chest":6,"minecraft:crouch_one_cm":2000,"minecraft:play_time":41015,"minecraft:sneak_time":1654,"minecraft:walk_under_water_one_cm":38,"minecraft:jump":180,"minecraft:damage_dealt_resisted":1615,"minecraft:leave_game":1,"minecraft:time_since_death":41015,"minecraft:walk_on_water_one_cm":1169,"minecraft:climb_one_cm":1100,"minecraft:total_world_time":41015,"minecraft:fall_one_cm":418},"minecraft:used":{"minecraft:spider_spawn_egg":1,"born_in_chaos_v1:cursed_scarlet_ornate_glass_pane":2,"minecraft:grass_block":2,"minecraft:iron_axe":2,"tacz:gun_smith_table":1,"born_in_chaos_v1:black_argillite_brick_wall_n":1,"minecraft:diamond_sword":26,"minecraft:dirt":1,"minecraft:chain":2},"minecraft:dropped":{"minecraft:diamond_sword":1},"minecraft:picked_up":{"born_in_chaos_v1:staffof_magic_arrows":1,"born_in_chaos_v1:corpse_maggot":1,"spore:cerebrum":2,"born_in_chaos_v1:shattered_skull":2,"minecraft:glow_ink_sac":1,"born_in_chaos_v1:seedof_chaos":1,"minecraft:diamond_sword":1,"born_in_chaos_v1:ethereal_spirit":1,"born_in_chaos_v1:dark_rod":1,"minecraft:chainmail_chestplate":1,"born_in_chaos_v1:pieceofdarkmetal":4,"minecraft:spider_eye":2,"minecraft:string":2,"monsterplus:crystal_clump":1,"chococraft:chocobo_feather":2,"minecraft:arrow":1,"minecraft:bone":8,"minecraft:rotten_flesh":1,"monsterplus:crystal_shard":3,"born_in_chaos_v1:spiny_shell":4,"chococraft:chocobo_drumstick_raw":1},"minecraft:killed":{"spore:inf_pillager":3,"spore:inf_villager":2,"monsterplus:glow_skeleton":2,"minecraft:vex":1,"minecraft:zombie":1,"spore:inf_human":8,"born_in_chaos_v1:bonescaller_not_despawn":2,"minecraft:stray":1,"born_in_chaos_v1:dark_vortex":1,"minecraft:spider":3,"born_in_chaos_v1:skeleton_thrasher_not_despawn":1,"born_in_chaos_v1:thornshell_crab":1,"minecraft:cow":3,"born_in_chaos_v1:baby_skeleton_minion":1,"born_in_chaos_v1:decrepit_skeleton":1,"monsterplus:crystal_zombie":4,"chococraft:chocobo":1}},"DataVersion":3465}