{"stats":{"minecraft:killed":{"spore:inf_villager":1,"minecraft:zombie":1,"spore:inf_human":4,"minecraft:pig":2,"minecraft:chicken":2,"born_in_chaos_v1:dark_vortex":1,"spore:inf_evoker":1,"undead_revamp2:therod":1,"spore:claw":1,"monsterplus:crystal_zombie":2},"minecraft:used":{"minecraft:oak_log":1,"born_in_chaos_v1:ethereal_spirit":1,"tacz:gun_smith_table":1,"minecraft:dirt":3,"modernlife:dual_monitor":1,"born_in_chaos_v1:wood_splitter_axe":10},"minecraft:mined":{"biomesoplenty:fir_log":1,"minecraft:grass_block":3,"minecraft:oak_log":9,"minecraft:oak_leaves":2},"minecraft:custom":{"minecraft:time_since_rest":388,"minecraft:sprint_one_cm":43265,"minecraft:damage_taken":460,"minecraft:walk_one_cm":78880,"minecraft:mob_kills":16,"minecraft:damage_dealt":80,"minecraft:damage_dealt_absorbed":80,"minecraft:fly_one_cm":94267,"minecraft:crouch_one_cm":1523,"minecraft:play_time":28398,"minecraft:deaths":4,"minecraft:sneak_time":501,"minecraft:jump":275,"minecraft:leave_game":2,"minecraft:time_since_death":353,"minecraft:walk_on_water_one_cm":102,"minecraft:total_world_time":28398,"minecraft:fall_one_cm":4847},"minecraft:killed_by":{"minecraft:cave_spider":1,"spore:inf_human":1},"minecraft:picked_up":{"minecraft:feather":4,"minecraft:chicken":2,"spore:armor_fragment":2,"born_in_chaos_v1:ethereal_spirit":1,"minecraft:porkchop":2,"born_in_chaos_v1:dark_rod":1,"minecraft:oak_log":3,"minecraft:dirt":3,"spore:claw_fragment":2,"minecraft:rotten_flesh":1,"monsterplus:crystal_shard":1,"tacz:modern_kinetic_gun":1,"spore:mutated_fiber":8,"minecraft:bread":2,"minecraft:egg":1}},"DataVersion":3465}