{"stats":{"minecraft:killed_by":{"minecraft:player":11},"minecraft:crafted":{"minecraft:oak_planks":260},"minecraft:mined":{"minecraft:grass":3,"minecraft:oak_leaves":3},"minecraft:used":{"minecraft:oak_planks":12,"minecraft:tnt_minecart":2,"minecraft:enchanted_golden_apple":1},"minecraft:picked_up":{"minecraft:stone_sword":1,"minecraft:feather":2,"minecraft:chicken":1,"minecraft:wheat_seeds":1,"minecraft:tnt_minecart":2,"minecraft:oak_log":65,"minecraft:enchanted_golden_apple":1},"minecraft:custom":{"minecraft:time_since_rest":444,"minecraft:crouch_one_cm":1321,"minecraft:deaths":11,"minecraft:sprint_one_cm":12140,"minecraft:play_time":16717,"minecraft:walk_one_cm":12092,"minecraft:damage_taken":2991,"minecraft:damage_absorbed":161,"minecraft:sneak_time":576,"minecraft:jump":134,"minecraft:damage_dealt":383,"minecraft:leave_game":6,"minecraft:time_since_death":418,"minecraft:total_world_time":16717,"minecraft:damage_resisted":100,"minecraft:fall_one_cm":7649,"minecraft:fly_one_cm":67893}},"DataVersion":3465}