{"stats":{"minecraft:killed_by":{"minecraft:player":10},"minecraft:crafted":{"minecraft:oak_planks":260},"minecraft:mined":{"minecraft:grass":3,"minecraft:oak_leaves":3},"minecraft:used":{"minecraft:oak_planks":12,"minecraft:enchanted_golden_apple":1},"minecraft:picked_up":{"minecraft:wheat_seeds":1,"minecraft:oak_log":65,"minecraft:enchanted_golden_apple":1},"minecraft:custom":{"minecraft:time_since_rest":591,"minecraft:crouch_one_cm":1321,"minecraft:deaths":10,"minecraft:sprint_one_cm":11348,"minecraft:play_time":8289,"minecraft:walk_one_cm":4152,"minecraft:damage_taken":2685,"minecraft:damage_absorbed":161,"minecraft:sneak_time":512,"minecraft:jump":82,"minecraft:damage_dealt":383,"minecraft:leave_game":6,"minecraft:time_since_death":571,"minecraft:total_world_time":8289,"minecraft:damage_resisted":100,"minecraft:fall_one_cm":4630,"minecraft:fly_one_cm":66733}},"DataVersion":3465}