{"stats":{"minecraft:killed":{"minecraft:sheep":4},"minecraft:mined":{"minecraft:grass":1,"minecraft:grass_block":3,"minecraft:rose_bush":1,"minecraft:dirt":1,"minecraft:oak_leaves":3},"minecraft:picked_up":{"minecraft:light_gray_wool":1,"minecraft:oak_planks":248,"minecraft:mutton":5,"minecraft:dirt":4,"minecraft:white_wool":2},"minecraft:used":{"minecraft:diamond_sword":85,"minecraft:dirt":4,"minecraft:enchanted_golden_apple":3},"minecraft:dropped":{"minecraft:enchanted_golden_apple":1,"minecraft:oak_log":65},"minecraft:custom":{"minecraft:time_since_rest":16442,"minecraft:crouch_one_cm":2178,"minecraft:play_time":16442,"minecraft:sprint_one_cm":19196,"minecraft:damage_absorbed":398,"minecraft:damage_taken":393,"minecraft:walk_one_cm":32675,"minecraft:sneak_time":1134,"minecraft:mob_kills":4,"minecraft:drop":3,"minecraft:jump":279,"minecraft:damage_dealt":2592,"minecraft:leave_game":1,"minecraft:time_since_death":16442,"minecraft:total_world_time":16442,"minecraft:damage_resisted":164,"minecraft:player_kills":10,"minecraft:fall_one_cm":964,"minecraft:fly_one_cm":57067}},"DataVersion":3465}