{"stats":{"minecraft:killed":{"minecraft:sheep":4,"minecraft:chicken":3},"minecraft:mined":{"minecraft:grass":1,"minecraft:grass_block":3,"minecraft:rose_bush":1,"minecraft:dirt":1,"minecraft:oak_leaves":3},"minecraft:used":{"minecraft:tnt_minecart":9,"minecraft:chicken_spawn_egg":11,"minecraft:bedrock":58,"minecraft:diamond_sword":89,"minecraft:dirt":4,"minecraft:rail":1,"minecraft:enchanted_golden_apple":3},"minecraft:dropped":{"minecraft:oak_log":65,"minecraft:stone_sword":1,"minecraft:enchanted_golden_apple":1},"minecraft:picked_up":{"minecraft:birch_log":3,"minecraft:stick":1,"minecraft:feather":1,"minecraft:chicken":2,"minecraft:dirt":20,"minecraft:stone_sword":1,"minecraft:tnt_minecart":3,"minecraft:light_gray_wool":1,"minecraft:mutton":5,"minecraft:birch_sapling":4,"minecraft:oak_planks":248,"minecraft:white_wool":2,"minecraft:rail":1},"minecraft:custom":{"minecraft:time_since_rest":24628,"minecraft:walk_one_cm":45180,"minecraft:sprint_one_cm":19799,"minecraft:damage_taken":463,"minecraft:damage_absorbed":398,"minecraft:mob_kills":7,"minecraft:drop":4,"minecraft:damage_dealt":2708,"minecraft:player_kills":11,"minecraft:fly_one_cm":63760,"minecraft:crouch_one_cm":9046,"minecraft:play_time":24628,"minecraft:sneak_time":2635,"minecraft:jump":299,"minecraft:leave_game":2,"minecraft:time_since_death":24628,"minecraft:total_world_time":24628,"minecraft:damage_resisted":164,"minecraft:fall_one_cm":1931}},"DataVersion":3465}