{"stats":{"minecraft:killed":{"minecraft:sheep":2},"minecraft:mined":{"minecraft:grass_block":2,"minecraft:rose_bush":1,"minecraft:oak_leaves":1,"minecraft:dirt":1},"minecraft:used":{"minecraft:dirt":3},"minecraft:picked_up":{"minecraft:light_gray_wool":1,"minecraft:mutton":3,"minecraft:white_wool":1,"minecraft:dirt":3},"minecraft:custom":{"minecraft:jump":30,"minecraft:time_since_rest":4974,"minecraft:damage_dealt":160,"minecraft:sprint_one_cm":4137,"minecraft:play_time":4974,"minecraft:damage_taken":10,"minecraft:time_since_death":4974,"minecraft:walk_one_cm":5968,"minecraft:total_world_time":4974,"minecraft:mob_kills":2,"minecraft:fall_one_cm":544,"minecraft:fly_one_cm":8035}},"DataVersion":3465}